path,size_bytes,ext,size_kb
ai_api_project.txt,1005,.txt,0.98
ae138435-c76e-4a94-8be2-2392e762810d_1757402136485.png,1434353,.png,1400.74
blaze-ingestion-summary.md,4246,.md,4.15
apidocumentation_1757450634292.tsx,12320,.tsx,12.03
blaze_competitive_intelligence_report.md,11077,.md,10.82
blaze_intelligence_documentation.md,12807,.md,12.51
api_documentation_1757424612789.md,10476,.md,10.23
cname,22,(no ext),0.02
blaze_fact_check_correction_report.md,9987,.md,9.75
blaze_performance_metrics_report.md,13927,.md,13.6
claude.md,6650,.md,6.49
configuration_complete.md,5304,.md,5.18
custom_domain_setup.md,3977,.md,3.88
domain_fix_instructions.md,5384,.md,5.26
page_title_standardization.md,6273,.md,6.13
mlb-ingestion-agent-readme.md,9920,.md,9.69
quick-deploy-instructions.md,4503,.md,4.4
next-phase-strategic-roadmap.md,12260,.md,11.97
cursor_enhancement_guide.md,8124,.md,7.93
readme-mcp-setup.md,7512,.md,7.34
security-notes.md,3660,.md,3.57
readme-ingestion.md,11529,.md,11.26
readme.md,6738,.md,6.58
sportsdataio_unified_integration.js,23345,.js,22.8
_headers,1281,(no ext),1.25
_redirects,1470,(no ext),1.44
terminal saved output.txt,481114,.txt,469.84
all.min.css,102641,.css,100.24
about.html,6347,.html,6.2
_routes.json,64,.json,0.06
analytics.html,16187,.html,15.81
analytics_1757450457824.ts,15015,.ts,14.66
analyzer_1757450375239.ts,11561,.ts,11.29
accuracy_trend_1757429460210.png,35365,.png,34.54
api_1757450393523.py,14532,.py,14.19
api.py,0,.py,0.0
api-test.html,16062,.html,15.69
athlete-landing.html,19478,.html,19.02
athlete-dashboard.html,14208,.html,13.88
app.html,30300,.html,29.59
basketball-recruiting.html,33193,.html,32.42
blaze-advanced-analytics.html,25125,.html,24.54
blaze-executive-platform.html,47944,.html,46.82
blaze-championship-live.html,26220,.html,25.61
blaze-intelligence-enhanced.html,21899,.html,21.39
babel.min.js,3073947,.js,3001.9
basketball.html,22259,.html,21.74
blaze-physics-game.html,29085,.html,28.4
blaze-performance-optimizer.js,10406,.js,10.16
blaze-realtime-analytics.html,27492,.html,26.85
blaze-ranch-production.html,49632,.html,48.47
blaze-sports-api.js,23871,.js,23.31
blaze-shaders.js,16110,.js,15.73
blog-cfb-week2-2025.html,47102,.html,46.0
blaze-visual-implementation-guide.md,10628,.md,10.38
blog-index.html,26543,.html,25.92
cardinals-data.json,3834,.json,3.74
brand.css,2080,.css,2.03
brand-components.css,1235,.css,1.21
cardinals.html,29220,.html,28.54
championship-3d-universe.html,31703,.html,30.96
claude-profile.md,7517,.md,7.34
client-presentation-deck.md,11575,.md,11.3
chart.js,208341,.js,203.46
coach.html,23265,.html,22.72
championship-ai-analytics.html,34056,.html,33.26
command-center.html,34506,.html,33.7
compare.html,25364,.html,24.77
contact.html,19828,.html,19.36
css2,22803,(no ext),22.27
configure-slack-alerts.sh,14598,.sh,14.26
contact-simple.html,7657,.html,7.48
college.html,33975,.html,33.18
deploy-production.sh,8371,.sh,8.17
deploy-staging.sh,10500,.sh,10.25
deploy.sh,1883,.sh,1.84
demo.html,35140,.html,34.32
deployment_20250901_073546.log,2391,.log,2.33
deployment-summary.txt,1788,.txt,1.75
deployment_20250901_082253.log,2401,.log,2.34
digital-combine.html,22464,.html,21.94
ecosystem.config.cjs,1053,.cjs,1.03
executive-intelligence.html,38413,.html,37.51
docs.html,36408,.html,35.55
executive-platform-summary.txt,1769,.txt,1.73
football-recruiting.html,44942,.html,43.89
football.html,27360,.html,26.72
features.html,35787,.html,34.95
index-championship-ultimate.html,42084,.html,41.1
high-school.html,33067,.html,32.29
get-started.html,19907,.html,19.44
frameworks.json,2185,.json,2.13
humphrey-genealogy.md,27447,.md,26.8
index-enhanced.html,34361,.html,33.56
index-new.html,7186,.html,7.02
index.html,36040,.html,35.2
insights.html,19014,.html,18.57
inline-fixes.css,1684,.css,1.64
integration-hub.html,13662,.html,13.34
integrations.html,35539,.html,34.71
investor-narrative.html,17420,.html,17.01
live-analytics.html,23431,.html,22.88
live-intelligence.html,7034,.html,6.87
live.html,25416,.html,24.82
loading.css,6396,.css,6.25
live-demo.html,18393,.html,17.96
login.html,17535,.html,17.12
manifest.json,2024,.json,1.98
lone-star-legends.html,44627,.html,43.58
manifesto.html,14971,.html,14.62
metrics-config.js,1204,.js,1.18
methods.html,21186,.html,20.69
metrics.html,40128,.html,39.19
mobile-app.html,16704,.html,16.31
logo-blaze.png,351,.png,0.34
monitoring-dashboard.html,24008,.html,23.45
netlify.toml,1732,.toml,1.69
neural-coach.html,18755,.html,18.32
package-lock.json,342880,.json,334.84
package.json,3445,.json,3.36
pilot-playbook.html,17184,.html,16.78
nil.html,8118,.html,7.93
pressure-terminal.html,27813,.html,27.16
pricing-comparison.html,34030,.html,33.23
pressure-dashboard.html,28578,.html,27.91
pricing.html,5807,.html,5.67
pricing-simple.html,5751,.html,5.62
professional.html,39613,.html,38.68
proof.html,10456,.html,10.21
react.production.min.js,10751,.js,10.5
react-dom.production.min.js,131835,.js,128.75
rankings.html,18410,.html,17.98
recruiting.html,13048,.html,12.74
replit-sportsdataio-deployment.html,15928,.html,15.55
replit-sportsdataio-server.js,8966,.js,8.76
replit-sportsdataio-package.json,938,.json,0.92
privacy.html,6134,.html,5.99
replit.md,5089,.md,4.97
robots.txt,155,.txt,0.15
requirements.txt,53,.txt,0.05
sample.py,0,.py,0.0
run_tests.py,900,.py,0.88
roi-calculator.html,26302,.html,25.69
server.js,54278,.js,53.01
security.html,35476,.html,34.64
signup.html,23261,.html,22.72
service-worker.js,11094,.js,10.83
simple-landing.html,11631,.html,11.36
sitemap.xml,1156,.xml,1.13
solutions.html,17762,.html,17.35
sports.html,18873,.html,18.43
sportsdataio-unified-integration.js,23345,.js,22.8
sportsdataio-unified-package.js,21646,.js,21.14
sportsdataio-championship.html,18096,.html,17.67
team-metrics.json,2017,.json,1.97
ssl_verification_results.txt,362,.txt,0.35
sw.js,9134,.js,8.92
terms.html,6877,.html,6.72
testimonials.html,27953,.html,27.3
three.min.js,603445,.js,589.3
universe.html,6168,.html,6.02
trial.html,22499,.html,21.97
video-js.css,52067,.css,50.85
why-we-win.html,21150,.html,20.65
wrangler.toml,542,.toml,0.53
youth-sports.html,27783,.html,27.13
video.min.js,625751,.js,611.08
.netlify/internal/edge-functions/manifest.json,1091,.json,1.07
.netlify/internal/edge-functions/1e4315359557f06e4d00f1fd83451b5a8615c3f62946d0ce3ecba727cb902f21.eszip,110821,.eszip,108.22
02_data/sports-data/biometric_report_mlb_stl_goldschmidt_20250824_150442.json,4393,.json,4.29
02_data/sports-data/bronco-stats-2008.json,827,.json,0.81
02_data/sports-data/biometric_report_nfl_ten_henry_20250824_150442.json,4304,.json,4.2
02_data/sports-data/client_reports.db,28672,.db,28.0
02_data/sports-data/current-business-metrics.json,1468,.json,1.43
02_data/sports-data/biometric_report_nba_mem_ja_morant_20250824_150442.json,4310,.json,4.21
02_data/sports-data/nba_grizzlies_20250824_150849.json,5206,.json,5.08
02_data/sports-data/nba_grizzlies_20250824_151126.json,5206,.json,5.08
02_data/sports-data/nba_grizzlies_20250824_150410.json,5206,.json,5.08
02_data/sports-data/system-summary.json,502,.json,0.49
02_data/sports-data/mlb/ari_roster.json,44437,.json,43.4
02_data/sports-data/mlb/atl_roster.json,44445,.json,43.4
02_data/sports-data/mlb/bal_roster.json,44367,.json,43.33
02_data/sports-data/mlb/bos_roster.json,44518,.json,43.47
02_data/sports-data/mlb/chc_roster.json,44507,.json,43.46
02_data/sports-data/mlb/cle_roster.json,44476,.json,43.43
02_data/sports-data/mlb/col_roster.json,44416,.json,43.38
02_data/sports-data/mlb/cws_roster.json,44451,.json,43.41
02_data/sports-data/mlb/cin_roster.json,44498,.json,43.46
02_data/sports-data/mlb/det_roster.json,44522,.json,43.48
02_data/sports-data/mlb/games-1756898442317.json,291,.json,0.28
02_data/sports-data/mlb/hou_roster.json,44437,.json,43.4
02_data/sports-data/mlb/laa_roster.json,44412,.json,43.37
02_data/sports-data/mlb/kc_roster.json,44510,.json,43.47
02_data/sports-data/mlb/games-latest.json,291,.json,0.28
02_data/sports-data/mlb/mil_roster.json,44538,.json,43.49
02_data/sports-data/mlb/min_roster.json,44426,.json,43.38
02_data/sports-data/mlb/lad_roster.json,44490,.json,43.45
02_data/sports-data/mlb/oak_roster.json,42701,.json,41.7
02_data/sports-data/mlb/mia_roster.json,44413,.json,43.37
02_data/sports-data/mlb/mlb_full_league.json,1538002,.json,1501.96
02_data/sports-data/mlb/nyy_roster.json,44540,.json,43.5
02_data/sports-data/mlb/nym_roster.json,44470,.json,43.43
02_data/sports-data/mlb/phi_roster.json,44544,.json,43.5
02_data/sports-data/mlb/pit_roster.json,44449,.json,43.41
02_data/sports-data/mlb/sd_roster.json,44490,.json,43.45
02_data/sports-data/mlb/sea_roster.json,44514,.json,43.47
02_data/sports-data/mlb/stl_roster.json,44489,.json,43.45
02_data/sports-data/mlb/sf_roster.json,44413,.json,43.37
02_data/sports-data/mlb/tb_roster.json,44401,.json,43.36
02_data/sports-data/mlb/tex_roster.json,44486,.json,43.44
02_data/sports-data/mlb/wsh_roster.json,44436,.json,43.39
02_data/sports-data/mlb/tor_roster.json,44546,.json,43.5
02_data/sports-data/mlb/teams/bal_2025.json,4468,.json,4.36
02_data/sports-data/mlb/teams/bos_2025.json,4463,.json,4.36
02_data/sports-data/nfl/atl_roster.json,3344,.json,3.27
02_data/sports-data/nfl/ari_roster.json,3345,.json,3.27
02_data/sports-data/nfl/buf_roster.json,3341,.json,3.26
02_data/sports-data/nfl/car_roster.json,3346,.json,3.27
02_data/sports-data/nfl/chi_roster.json,3342,.json,3.26
02_data/sports-data/nfl/dal_roster.json,3342,.json,3.26
02_data/sports-data/nfl/cin_roster.json,3347,.json,3.27
02_data/sports-data/nfl/cle_roster.json,3345,.json,3.27
02_data/sports-data/nfl/bal_roster.json,3345,.json,3.27
02_data/sports-data/nfl/det_roster.json,3342,.json,3.26
02_data/sports-data/nfl/gb_roster.json,3339,.json,3.26
02_data/sports-data/nfl/ind_roster.json,3347,.json,3.27
02_data/sports-data/nfl/jax_roster.json,3349,.json,3.27
02_data/sports-data/nfl/den_roster.json,3342,.json,3.26
02_data/sports-data/nfl/lac_roster.json,3348,.json,3.27
02_data/sports-data/nfl/lar_roster.json,3344,.json,3.27
02_data/sports-data/nfl/hou_roster.json,3343,.json,3.26
02_data/sports-data/nfl/lv_roster.json,3338,.json,3.26
02_data/sports-data/nfl/kc_roster.json,3339,.json,3.26
02_data/sports-data/nfl/min_roster.json,3346,.json,3.27
02_data/sports-data/nfl/mia_roster.json,3342,.json,3.26
02_data/sports-data/nfl/ne_roster.json,3341,.json,3.26
02_data/sports-data/nfl/nfl_full_league.json,123389,.json,120.5
02_data/sports-data/nfl/no_roster.json,3340,.json,3.26
02_data/sports-data/nfl/nyg_roster.json,3343,.json,3.26
02_data/sports-data/nfl/pit_roster.json,0,.json,0.0
02_data/sports-data/nfl/nyj_roster.json,3341,.json,3.26
02_data/sports-data/nfl/phi_roster.json,3347,.json,3.27
02_data/sports-data/nfl/ten_roster.json,3345,.json,3.27
02_data/sports-data/nfl/sea_roster.json,3344,.json,3.27
02_data/sports-data/nfl/tb_roster.json,3342,.json,3.26
02_data/sports-data/nfl/sf_roster.json,3340,.json,3.26
02_data/sports-data/nfl/was_roster.json,397,.json,0.39
02_data/sports-data/unified/unified_data_latest.json,9894,.json,9.66
02_data/analytics-legacy/analytics/injury_prediction.py,27739,.py,27.09
02_data/worker-cache/mlb/ari_roster.json,44437,.json,43.4
02_data/worker-cache/mlb/atl_roster.json,44445,.json,43.4
02_data/worker-cache/mlb/bos_roster.json,44518,.json,43.47
02_data/worker-cache/mlb/bal_roster.json,44367,.json,43.33
02_data/worker-cache/mlb/cin_roster.json,44498,.json,43.46
02_data/worker-cache/mlb/chc_roster.json,44507,.json,43.46
02_data/worker-cache/mlb/col_roster.json,44416,.json,43.38
02_data/worker-cache/mlb/cws_roster.json,44451,.json,43.41
02_data/worker-cache/mlb/cle_roster.json,44476,.json,43.43
02_data/worker-cache/mlb/det_roster.json,44522,.json,43.48
02_data/worker-cache/mlb/kc_roster.json,44510,.json,43.47
02_data/worker-cache/mlb/hou_roster.json,44437,.json,43.4
02_data/worker-cache/mlb/laa_roster.json,44412,.json,43.37
02_data/worker-cache/mlb/lad_roster.json,44490,.json,43.45
02_data/worker-cache/mlb/mia_roster.json,44413,.json,43.37
02_data/worker-cache/mlb/mil_roster.json,44538,.json,43.49
02_data/worker-cache/mlb/nyy_roster.json,44540,.json,43.5
02_data/worker-cache/mlb/nym_roster.json,44470,.json,43.43
02_data/worker-cache/mlb/min_roster.json,44426,.json,43.38
02_data/worker-cache/mlb/mlb_full_league.json,1538002,.json,1501.96
02_data/worker-cache/mlb/phi_roster.json,44544,.json,43.5
02_data/worker-cache/mlb/sd_roster.json,44490,.json,43.45
02_data/worker-cache/mlb/sea_roster.json,44514,.json,43.47
02_data/worker-cache/mlb/pit_roster.json,44449,.json,43.41
02_data/worker-cache/mlb/sf_roster.json,44413,.json,43.37
02_data/worker-cache/mlb/oak_roster.json,42701,.json,41.7
02_data/worker-cache/mlb/tex_roster.json,44486,.json,43.44
02_data/worker-cache/mlb/stl_roster.json,44489,.json,43.45
02_data/worker-cache/mlb/tor_roster.json,44546,.json,43.5
02_data/worker-cache/mlb/tb_roster.json,44401,.json,43.36
02_data/worker-cache/mlb/wsh_roster.json,44436,.json,43.39
02_data/worker-cache/nfl/atl_roster.json,3344,.json,3.27
02_data/worker-cache/nfl/bal_roster.json,3345,.json,3.27
02_data/worker-cache/nfl/buf_roster.json,3341,.json,3.26
02_data/worker-cache/nfl/car_roster.json,3346,.json,3.27
02_data/worker-cache/nfl/ari_roster.json,3345,.json,3.27
02_data/worker-cache/nfl/cin_roster.json,3347,.json,3.27
02_data/worker-cache/nfl/cle_roster.json,3345,.json,3.27
02_data/worker-cache/nfl/chi_roster.json,3342,.json,3.26
02_data/worker-cache/nfl/den_roster.json,3342,.json,3.26
02_data/worker-cache/nfl/det_roster.json,3342,.json,3.26
02_data/worker-cache/nfl/gb_roster.json,3339,.json,3.26
02_data/worker-cache/nfl/dal_roster.json,3342,.json,3.26
02_data/worker-cache/nfl/ind_roster.json,3347,.json,3.27
02_data/worker-cache/nfl/kc_roster.json,3339,.json,3.26
02_data/worker-cache/nfl/jax_roster.json,3349,.json,3.27
02_data/worker-cache/nfl/hou_roster.json,3343,.json,3.26
02_data/worker-cache/nfl/lac_roster.json,3348,.json,3.27
02_data/worker-cache/nfl/lar_roster.json,3344,.json,3.27
02_data/worker-cache/nfl/lv_roster.json,3338,.json,3.26
02_data/worker-cache/nfl/mia_roster.json,3342,.json,3.26
02_data/worker-cache/nfl/min_roster.json,3346,.json,3.27
02_data/worker-cache/nfl/nfl_full_league.json,123389,.json,120.5
02_data/worker-cache/nfl/ne_roster.json,3341,.json,3.26
02_data/worker-cache/nfl/no_roster.json,3340,.json,3.26
02_data/worker-cache/nfl/nyg_roster.json,3343,.json,3.26
02_data/worker-cache/nfl/phi_roster.json,3347,.json,3.27
02_data/worker-cache/nfl/sea_roster.json,3344,.json,3.27
02_data/worker-cache/nfl/nyj_roster.json,3341,.json,3.26
02_data/worker-cache/nfl/sf_roster.json,3340,.json,3.26
02_data/worker-cache/nfl/pit_roster.json,3348,.json,3.27
02_data/worker-cache/nfl/ten_roster.json,3345,.json,3.27
02_data/worker-cache/nfl/tb_roster.json,3342,.json,3.26
02_data/worker-cache/nfl/was_roster.json,397,.json,0.39
03_automation/javascript/blaze-ai-coach.js,37496,.js,36.62
03_automation/javascript/blaze-ar-overlay.js,41893,.js,40.91
03_automation/javascript/blaze-auto-refresh-pipeline.js,14550,.js,14.21
03_automation/javascript/blaze-3d-biomechanics.js,30181,.js,29.47
03_automation/javascript/blaze-auth-system.js,16324,.js,15.94
03_automation/javascript/blaze-enigma-integration.js,20855,.js,20.37
03_automation/javascript/blaze-demo-data-generator.js,40152,.js,39.21
03_automation/javascript/blaze-injury-prevention.js,50609,.js,49.42
03_automation/javascript/blaze-payment-system.js,25307,.js,24.71
03_automation/javascript/blaze-mobile-sdk.js,27777,.js,27.13
03_automation/javascript/blaze-site-integration.js,19130,.js,18.68
03_automation/javascript/blaze-havf-advanced.js,16991,.js,16.59
03_automation/javascript/blaze-real-data-pipeline.js,5517,.js,5.39
03_automation/javascript/blaze-social-community.js,49811,.js,48.64
03_automation/javascript/blaze-production-launcher.js,29014,.js,28.33
03_automation/javascript/blaze-universal-readiness-board.js,23653,.js,23.1
03_automation/javascript/blaze-sports-api-worker.js,8301,.js,8.11
03_automation/javascript/blaze-vision-ai-integration.js,24005,.js,23.44
03_automation/javascript/blaze-sports-pipeline-enhanced.js,35837,.js,35.0
03_automation/javascript/blaze-vision-ai-enhanced.js,32862,.js,32.09
03_automation/javascript/blaze-visual-api.js,17987,.js,17.57
03_automation/javascript/blaze-websocket-client.js,17065,.js,16.67
03_automation/javascript/blaze-websocket-enhanced.js,28668,.js,28.0
03_automation/javascript/blaze-voice-interface.js,20901,.js,20.41
03_automation/javascript/blaze-websocket-integration.js,23006,.js,22.47
03_automation/javascript/cardinals-analytics-server.js,8150,.js,7.96
03_automation/javascript/blaze-visual-engine.js,24186,.js,23.62
03_automation/javascript/cardinals-live-server.js,6072,.js,5.93
03_automation/javascript/worker-auth-production.js,8456,.js,8.26
03_automation/javascript/blaze-websocket-server.js,21789,.js,21.28
03_automation/javascript/worker-production.js,3045,.js,2.97
03_automation/javascript/worker-gateway-simple.js,24972,.js,24.39
03_automation/javascript/worker-unified-gateway.js,10846,.js,10.59
03_automation/javascript/worker-youth-txhs.js,4471,.js,4.37
03_automation/python/blaze-biomechanical-framework.py,23252,.py,22.71
03_automation/python/blaze-character-grit-algorithm.py,40163,.py,39.22
03_automation/python/blaze-micro-expression-engine.py,30153,.py,29.45
03_automation/python/blaze-vision-ai-quickstart.py,19871,.py,19.41
03_automation/python/blaze-vision-ai-integration.py,36268,.py,35.42
03_automation/python/run_ingestion.py,12833,.py,12.53
03_automation/python/test-blaze-system.py,14764,.py,14.42
03_automation/python/blaze-pattern-engine.py,62828,.py,61.36
03_automation/python/blaze-multi-league-ingestion.py,28368,.py,27.7
03_automation/python/blaze_aggregator.py,9392,.py,9.17
03_automation/shell/launch-now.sh,10030,.sh,9.79
03_automation/shell/execute_cleanup_now.sh,10812,.sh,10.56
03_automation/shell/blaze-continuous-deployment.sh,11295,.sh,11.03
03_automation/shell/blaze-deploy-production.sh,14436,.sh,14.1
03_automation/shell/blaze-master-integration.sh,15363,.sh,15.0
03_automation/shell/check-site-access.sh,1409,.sh,1.38
03_automation/shell/ssl_verification_script.sh,9240,.sh,9.02
03_automation/shell/add-custom-domain.sh,2897,.sh,2.83
03_automation/shell/cloud-cleanup-organizer.sh,9681,.sh,9.45
03_automation/shell/consolidate-blaze-domain.sh,2835,.sh,2.77
03_automation/shell/demo-package-generator.sh,12789,.sh,12.49
03_automation/shell/integrate-mcp-visual-engine.sh,16081,.sh,15.7
03_automation/shell/quick-deploy.sh,2526,.sh,2.47
03_automation/shell/mcp-setup.sh,7803,.sh,7.62
03_automation/shell/setup-cloudinary.sh,10940,.sh,10.68
03_automation/shell/post-launch-optimization.sh,11880,.sh,11.6
03_automation/shell/production-deploy.sh,12251,.sh,11.96
03_automation/shell/setup-custom-domain.sh,1969,.sh,1.92
03_automation/shell/quick-fix-deploy.sh,1139,.sh,1.11
03_automation/shell/setup-production-cron.sh,814,.sh,0.79
03_automation/shell/start-cardinals-server.sh,199,.sh,0.19
03_automation/shell/upgrade-dependencies.sh,1371,.sh,1.34
03_automation/shell/unified-blaze-deployment.sh,3897,.sh,3.81
03_automation/shell/test-apis.sh,1933,.sh,1.89
03_automation/shell/validate-unified-deployment.sh,6539,.sh,6.39
04_config/wrangler/wrangler-production.toml,1368,.toml,1.34
04_config/wrangler/wrangler-enhanced.toml,2278,.toml,2.22
04_config/wrangler/wrangler-prod.toml,184,.toml,0.18
04_config/wrangler/wrangler-sports-api.toml,923,.toml,0.9
05_docs/business/blaze-elevator-pitch.md,12673,.md,12.38
05_docs/business/blaze-social-media-campaign.md,14237,.md,13.9
05_docs/business/social-media-posts-ready.md,11771,.md,11.5
05_docs/business/enterprise-sales-outreach-campaign.md,27694,.md,27.04
05_docs/deployment/blaze-vision-ai-deployment.md,15495,.md,15.13
05_docs/deployment/blaze-sports-deployment-success.md,8047,.md,7.86
05_docs/deployment/blaze_intelligence_upgrade_complete.md,12774,.md,12.47
05_docs/deployment/deployment_report_enhanced.md,8580,.md,8.38
05_docs/deployment/production-ready-summary.md,6250,.md,6.1
05_docs/deployment/final_deployment_complete.md,8580,.md,8.38
05_docs/deployment/enhanced-system-deployment-complete.md,11939,.md,11.66
05_docs/deployment/live-deployment-success.md,7665,.md,7.49
05_docs/technical/blaze_intelligence_system_architecture.md,10882,.md,10.63
05_docs/technical/blaze_research_planning_framework.md,12820,.md,12.52
05_docs/technical/blaze-api-documentation.md,12685,.md,12.39
05_docs/technical/api-access-guide.md,7271,.md,7.1
05_docs/technical/blaze-flow-technical-spec.md,32327,.md,31.57
05_docs/technical/blaze-flow-integration-framework.md,12187,.md,11.9
05_docs/technical/blaze-vision-ai-architecture.md,12657,.md,12.36
05_docs/technical/vision-ai-architecture.md,11000,.md,10.74
austin-portfolio-deploy/blaze-intelligence-platform-complete.md,5944,.md,5.8
austin-portfolio-deploy/championship-deployment-status.md,7177,.md,7.01
austin-portfolio-deploy/claude.md,6358,.md,6.21
austin-portfolio-deploy/enterprise-platform-validation-report.md,8118,.md,7.93
austin-portfolio-deploy/hawkeye-innovations-integration-complete.md,7617,.md,7.44
austin-portfolio-deploy/phase-2-championship-complete.md,9771,.md,9.54
austin-portfolio-deploy/deployment-enhancement-complete.md,9704,.md,9.48
austin-portfolio-deploy/hawk-eye-integration-complete.md,6692,.md,6.54
austin-portfolio-deploy/phase-3-complete-final.md,15175,.md,14.82
austin-portfolio-deploy/sportsdataio-complete.txt,267,.txt,0.26
austin-portfolio-deploy/phase-3-enterprise-complete.md,13312,.md,13.0
austin-portfolio-deploy/sportsdataio-integration-complete.md,10279,.md,10.04
austin-portfolio-deploy/about.html,2534,.html,2.47
austin-portfolio-deploy/super-enhancement-validation-report.md,12705,.md,12.41
austin-portfolio-deploy/sportsdataio-final-unified.md,7967,.md,7.78
austin-portfolio-deploy/advanced-analytics-dashboard.html,10684,.html,10.43
austin-portfolio-deploy/analytics.html,51480,.html,50.27
austin-portfolio-deploy/api-docs.html,2557,.html,2.5
austin-portfolio-deploy/blaze-3d-sportsdataio.html,18634,.html,18.2
austin-portfolio-deploy/blog.html,2531,.html,2.47
austin-portfolio-deploy/auth-portal.html,24558,.html,23.98
austin-portfolio-deploy/cardinals-intelligence-dashboard.html,26054,.html,25.44
austin-portfolio-deploy/championship-ai-analytics.html,2562,.html,2.5
austin-portfolio-deploy/careers.html,2518,.html,2.46
austin-portfolio-deploy/character-assessment.html,2564,.html,2.5
austin-portfolio-deploy/character-assessment-enhanced.html,34533,.html,33.72
austin-portfolio-deploy/contact.html,26513,.html,25.89
austin-portfolio-deploy/create-missing-pages.sh,6089,.sh,5.95
austin-portfolio-deploy/deep-south-sports-authority.html,40819,.html,39.86
austin-portfolio-deploy/data-enhanced.html,22211,.html,21.69
austin-portfolio-deploy/demo.html,25913,.html,25.31
austin-portfolio-deploy/deployment-status.html,21453,.html,20.95
austin-portfolio-deploy/deploy-championship-production.sh,6245,.sh,6.1
austin-portfolio-deploy/digital-combine.html,2571,.html,2.51
austin-portfolio-deploy/enterprise-billing-dashboard.html,34268,.html,33.46
austin-portfolio-deploy/enterprise-b2b-portal.html,40618,.html,39.67
austin-portfolio-deploy/executive-intelligence-center.html,43553,.html,42.53
austin-portfolio-deploy/enhanced-index.html,34865,.html,34.05
austin-portfolio-deploy/developer-portal.html,29519,.html,28.83
austin-portfolio-deploy/grizzlies-nba-dashboard.html,23852,.html,23.29
austin-portfolio-deploy/hawkeye-demo.html,29524,.html,28.83
austin-portfolio-deploy/hawkeye-innovations-dashboard.html,33271,.html,32.49
austin-portfolio-deploy/index-blaze-ultimate.html,4114,.html,4.02
austin-portfolio-deploy/index.html,45345,.html,44.28
austin-portfolio-deploy/login.html,32559,.html,31.8
austin-portfolio-deploy/manifest.json,4508,.json,4.4
austin-portfolio-deploy/netlify.toml,3319,.toml,3.24
austin-portfolio-deploy/nil-calculator-advanced.html,37425,.html,36.55
austin-portfolio-deploy/nil-calculator.js,13057,.js,12.75
austin-portfolio-deploy/perfect-game-enhanced.html,2570,.html,2.51
austin-portfolio-deploy/package.json,1432,.json,1.4
austin-portfolio-deploy/perfect-game-dashboard-2025.html,20236,.html,19.76
austin-portfolio-deploy/pricing.html,21271,.html,20.77
austin-portfolio-deploy/performance-monitor.html,39656,.html,38.73
austin-portfolio-deploy/platform-demo.html,16947,.html,16.55
austin-portfolio-deploy/privacy.html,2538,.html,2.48
austin-portfolio-deploy/realtime-multimodal-dashboard.html,37223,.html,36.35
austin-portfolio-deploy/realtime-multimodal-dashboard-enhanced.html,27072,.html,26.44
austin-portfolio-deploy/roi-calculator.html,27569,.html,26.92
austin-portfolio-deploy/sec-football-enhanced.html,2573,.html,2.51
austin-portfolio-deploy/signup.html,26066,.html,25.46
austin-portfolio-deploy/sec-nil-analytics.html,27758,.html,27.11
austin-portfolio-deploy/sportsdataio-championship-dashboard.html,25305,.html,24.71
austin-portfolio-deploy/sports-intelligence-dashboard.html,33302,.html,32.52
austin-portfolio-deploy/sportsdataio-2025-live-dashboard.html,24393,.html,23.82
austin-portfolio-deploy/sportsdataio-live.html,11213,.html,10.95
austin-portfolio-deploy/sportsdataio-2024-championship.html,21900,.html,21.39
austin-portfolio-deploy/sportsdataio-unified-package.js,21849,.js,21.34
austin-portfolio-deploy/sportsdataio-test.html,21893,.html,21.38
austin-portfolio-deploy/sw.js,14847,.js,14.5
austin-portfolio-deploy/test-hawkeye-integration-all-sites.cjs,17472,.cjs,17.06
austin-portfolio-deploy/test-platform.html,11005,.html,10.75
austin-portfolio-deploy/terms.html,2553,.html,2.49
austin-portfolio-deploy/test-sportsdataio-live.js,4315,.js,4.21
austin-portfolio-deploy/video-intelligence-upload.html,33598,.html,32.81
austin-portfolio-deploy/validate-hawkeye-integration.js,14724,.js,14.38
austin-portfolio-deploy/sw-enhanced.js,14566,.js,14.22
austin-portfolio-deploy/3d/visualization.html,48587,.html,47.45
austin-portfolio-deploy/api/advanced-nil-calculator.js,16779,.js,16.39
austin-portfolio-deploy/api/advanced-analytics.js,14962,.js,14.61
austin-portfolio-deploy/api/enterprise-performance-validator.js,31774,.js,31.03
austin-portfolio-deploy/api/perfect-game-integration.js,19114,.js,18.67
austin-portfolio-deploy/api/enterprise-security-framework.js,21665,.js,21.16
austin-portfolio-deploy/api/hubspot-integration.js,7264,.js,7.09
austin-portfolio-deploy/api/auth-backend.js,14225,.js,13.89
austin-portfolio-deploy/api/revenue-optimization-engine.js,28644,.js,27.97
austin-portfolio-deploy/api/scalability-infrastructure.js,28882,.js,28.21
austin-portfolio-deploy/api/sports-data-connector.js,16440,.js,16.05
austin-portfolio-deploy/api/sportsdataio-connector.js,22272,.js,21.75
austin-portfolio-deploy/css/blaze-auth-components.css,8584,.css,8.38
austin-portfolio-deploy/css/blaze-professional.css,12831,.css,12.53
austin-portfolio-deploy/css/championshipdashboard.css,6779,.css,6.62
austin-portfolio-deploy/css/blaze-components.css,22037,.css,21.52
austin-portfolio-deploy/css/mega-navigation.css,16596,.css,16.21
austin-portfolio-deploy/css/sportsdataio-dashboard.css,12293,.css,12.0
austin-portfolio-deploy/css/enhanced-visuals.css,11606,.css,11.33
austin-portfolio-deploy/dashboard/unified.html,66326,.html,64.77
austin-portfolio-deploy/executive/dashboard.html,57738,.html,56.38
austin-portfolio-deploy/executive/index.html,44227,.html,43.19
austin-portfolio-deploy/executive/analytics.html,63747,.html,62.25
austin-portfolio-deploy/executive/reports.html,47610,.html,46.49
austin-portfolio-deploy/js/accessibility-enhancements.js,11676,.js,11.4
austin-portfolio-deploy/js/analytics-tracker.js,23266,.js,22.72
austin-portfolio-deploy/js/api-billing-engine.js,20098,.js,19.63
austin-portfolio-deploy/js/api-monetization-engine.js,24089,.js,23.52
austin-portfolio-deploy/js/biomechanical-analyzer.js,34599,.js,33.79
austin-portfolio-deploy/js/blaze-components.js,33122,.js,32.35
austin-portfolio-deploy/js/blaze-advanced-analytics.js,13652,.js,13.33
austin-portfolio-deploy/js/blaze-platform-integrator.js,23545,.js,22.99
austin-portfolio-deploy/js/blaze-realtime-connector.js,18377,.js,17.95
austin-portfolio-deploy/js/championship-ml-engine.js,62652,.js,61.18
austin-portfolio-deploy/js/auth-manager.js,23364,.js,22.82
austin-portfolio-deploy/js/championship-mindset-module.js,7843,.js,7.66
austin-portfolio-deploy/js/blaze-ultimate-visuals.js,27382,.js,26.74
austin-portfolio-deploy/js/character-assessment-micro-expression.js,27126,.js,26.49
austin-portfolio-deploy/js/character-assessment-cv.js,20926,.js,20.44
austin-portfolio-deploy/js/character-assessment-engine.js,22728,.js,22.2
austin-portfolio-deploy/js/cultural-intelligence-system.js,6186,.js,6.04
austin-portfolio-deploy/js/developer-portal-controller.js,17148,.js,16.75
austin-portfolio-deploy/js/dashboard-websocket-integration.js,16535,.js,16.15
austin-portfolio-deploy/js/enhanced-charts.js,11715,.js,11.44
austin-portfolio-deploy/js/deep-learning-pattern-engine.js,27083,.js,26.45
austin-portfolio-deploy/js/hawkeye-client.js,13714,.js,13.39
austin-portfolio-deploy/js/hawkeye-3d-visualization.js,18101,.js,17.68
austin-portfolio-deploy/js/live-sports-connector.js,15685,.js,15.32
austin-portfolio-deploy/js/mega-navigation.js,28038,.js,27.38
austin-portfolio-deploy/js/live-sports-integration.js,16789,.js,16.4
austin-portfolio-deploy/js/hawkeye-mcp-client.js,10896,.js,10.64
austin-portfolio-deploy/js/mobile-responsive-handler.js,23115,.js,22.57
austin-portfolio-deploy/js/nil-market-predictor.js,52111,.js,50.89
austin-portfolio-deploy/js/nil-valuation-engine.js,41584,.js,40.61
austin-portfolio-deploy/js/nil-valuation-intelligence.js,30426,.js,29.71
austin-portfolio-deploy/js/perfect-game-2025-integration.js,15715,.js,15.35
austin-portfolio-deploy/js/performance-monitor-advanced.js,25513,.js,24.92
austin-portfolio-deploy/js/predictive-analytics-championship.js,35417,.js,34.59
austin-portfolio-deploy/js/performance-optimizer.js,13876,.js,13.55
austin-portfolio-deploy/js/professional-animations.js,19452,.js,19.0
austin-portfolio-deploy/js/predictive-dashboard.js,52874,.js,51.63
austin-portfolio-deploy/js/rti-decision-engine.js,19786,.js,19.32
austin-portfolio-deploy/js/realtime-data-handler.js,14507,.js,14.17
austin-portfolio-deploy/js/rti-performance-tester.js,22153,.js,21.63
austin-portfolio-deploy/js/rti-fusion-engine.js,15323,.js,14.96
austin-portfolio-deploy/js/sports-dashboard-widgets.js,27557,.js,26.91
austin-portfolio-deploy/js/sportsdataio-2025-live.js,24712,.js,24.13
austin-portfolio-deploy/js/sportsdataio-2024-connector.js,17608,.js,17.2
austin-portfolio-deploy/js/sportsdataio-live-integration.js,40068,.js,39.13
austin-portfolio-deploy/js/sportsdataio-dashboard.js,22479,.js,21.95
austin-portfolio-deploy/js/sportsdataio-nba-2025.js,13650,.js,13.33
austin-portfolio-deploy/js/sportsdataio-unified-integration.js,23345,.js,22.8
austin-portfolio-deploy/js/sports-pattern-library.js,17514,.js,17.1
austin-portfolio-deploy/js/sportsdataio-unified-package.js,21646,.js,21.14
austin-portfolio-deploy/js/sportsdataio-unified-connector.js,13521,.js,13.2
austin-portfolio-deploy/js/team-intelligence-dashboard.js,6688,.js,6.53
austin-portfolio-deploy/js/three-data-visualizer.js,20097,.js,19.63
austin-portfolio-deploy/js/webrtc-gateway.js,19066,.js,18.62
austin-portfolio-deploy/js/unique-visualization-system.js,24404,.js,23.83
austin-portfolio-deploy/js/user-dashboard-enterprise.js,23972,.js,23.41
austin-portfolio-deploy/js/websocket-client-enhanced.js,16860,.js,16.46
austin-portfolio-deploy/js/websocket-manager-2025.js,12628,.js,12.33
austin-portfolio-deploy/js/websocket-server.js,16879,.js,16.48
austin-portfolio-deploy/js/websocket-client.js,17596,.js,17.18
austin-portfolio-deploy/js/enhanced/advanced-physics.js,31768,.js,31.02
austin-portfolio-deploy/js/enhanced/airtableintegration.js,30811,.js,30.09
austin-portfolio-deploy/js/enhanced/aiintegrations.js,15854,.js,15.48
austin-portfolio-deploy/js/enhanced/analytics-controls.js,53806,.js,52.54
austin-portfolio-deploy/js/enhanced/auth-integration.js,3573,.js,3.49
austin-portfolio-deploy/js/enhanced/apitester.js,9955,.js,9.72
austin-portfolio-deploy/js/enhanced/analytics.js,8530,.js,8.33
austin-portfolio-deploy/js/enhanced/analytics-worker.js,61408,.js,59.97
austin-portfolio-deploy/js/enhanced/auth.js,8428,.js,8.23
austin-portfolio-deploy/js/enhanced/biomech-overlay.js,12671,.js,12.37
austin-portfolio-deploy/js/enhanced/biometric-shaders.js,21011,.js,20.52
austin-portfolio-deploy/js/enhanced/blaze-unique-charts.js,27165,.js,26.53
austin-portfolio-deploy/js/enhanced/blaze-live-scoreboard.js,26351,.js,25.73
austin-portfolio-deploy/js/enhanced/blazedataintegration.js,30700,.js,29.98
austin-portfolio-deploy/js/enhanced/blaze-3d-background.js,10911,.js,10.66
austin-portfolio-deploy/js/enhanced/championship-data-connector.js,23237,.js,22.69
austin-portfolio-deploy/js/enhanced/championship-three-hero.js,26796,.js,26.17
austin-portfolio-deploy/js/enhanced/blaze-data-integration.js,12330,.js,12.04
austin-portfolio-deploy/js/enhanced/commandcenterintegration.js,20809,.js,20.32
austin-portfolio-deploy/js/enhanced/chemistry-network.js,14744,.js,14.4
austin-portfolio-deploy/js/enhanced/datasourcedisplay.js,7758,.js,7.58
austin-portfolio-deploy/js/enhanced/championshipdashboard.js,26988,.js,26.36
austin-portfolio-deploy/js/enhanced/digitalcombinedisplay.js,6104,.js,5.96
austin-portfolio-deploy/js/enhanced/dynamic-validation.js,16623,.js,16.23
austin-portfolio-deploy/js/enhanced/digitalcombineenhanced.js,31816,.js,31.07
austin-portfolio-deploy/js/enhanced/enhanced-analytics-ui.js,21577,.js,21.07
austin-portfolio-deploy/js/enhanced/enhanced-ai-consciousness-ui.js,36831,.js,35.97
austin-portfolio-deploy/js/enhanced/digitalcombine.js,19784,.js,19.32
austin-portfolio-deploy/js/enhanced/enhanced-sports-data.js,17786,.js,17.37
austin-portfolio-deploy/js/enhanced/enhanced-charts.js,20169,.js,19.7
austin-portfolio-deploy/js/enhanced/enhanced-three-hero.js,11586,.js,11.31
austin-portfolio-deploy/js/enhanced/enhanced-websocket-manager.js,15114,.js,14.76
austin-portfolio-deploy/js/enhanced/enhancedgateway.js,12989,.js,12.68
austin-portfolio-deploy/js/enhanced/enterprise-ux-optimizer.js,56319,.js,55.0
austin-portfolio-deploy/js/enhanced/errorhandler.js,2662,.js,2.6
austin-portfolio-deploy/js/enhanced/gatewayintegration.js,10515,.js,10.27
austin-portfolio-deploy/js/enhanced/legal-notices.js,3322,.js,3.24
austin-portfolio-deploy/js/enhanced/intelligence-demo.js,11327,.js,11.06
austin-portfolio-deploy/js/enhanced/livedashboard.js,15942,.js,15.57
austin-portfolio-deploy/js/enhanced/loading-animations.js,17153,.js,16.75
austin-portfolio-deploy/js/enhanced/mlbintegration.js,14280,.js,13.95
austin-portfolio-deploy/js/enhanced/metrics.js,575,.js,0.56
austin-portfolio-deploy/js/enhanced/mobile-optimization-system.js,37293,.js,36.42
austin-portfolio-deploy/js/enhanced/neural-coach-enhanced.js,28731,.js,28.06
austin-portfolio-deploy/js/enhanced/neural-coach.js,33555,.js,32.77
austin-portfolio-deploy/js/enhanced/momentum-engine.js,16918,.js,16.52
austin-portfolio-deploy/js/enhanced/nil-advanced-analytics.js,15552,.js,15.19
austin-portfolio-deploy/js/enhanced/nil-real-time-features.js,14376,.js,14.04
austin-portfolio-deploy/js/enhanced/nilvaluationengine.js,17159,.js,16.76
austin-portfolio-deploy/js/enhanced/nil-ribbon.js,10882,.js,10.63
austin-portfolio-deploy/js/enhanced/optimized-dashboard-loader.js,16112,.js,15.73
austin-portfolio-deploy/js/enhanced/performance-monitor.js,17162,.js,16.76
austin-portfolio-deploy/js/enhanced/performance-optimizer.js,5304,.js,5.18
austin-portfolio-deploy/js/enhanced/neural-network-bg.js,8577,.js,8.38
austin-portfolio-deploy/js/enhanced/pressure-stream.js,15143,.js,14.79
austin-portfolio-deploy/js/enhanced/sportsdatahub.js,9643,.js,9.42
austin-portfolio-deploy/js/enhanced/stresstest.js,10077,.js,9.84
austin-portfolio-deploy/js/enhanced/thememanager.js,11175,.js,10.91
austin-portfolio-deploy/js/enhanced/sportsradarservice.js,7896,.js,7.71
austin-portfolio-deploy/js/enhanced/status-badge-manager.js,11375,.js,11.11
austin-portfolio-deploy/js/enhanced/performancemonitor.js,7782,.js,7.6
austin-portfolio-deploy/js/enhanced/three-dashboard-viz.js,15640,.js,15.27
austin-portfolio-deploy/js/enhanced/three-modern-fixed.js,14536,.js,14.2
austin-portfolio-deploy/js/enhanced/securityenhancements.js,12706,.js,12.41
austin-portfolio-deploy/js/enhanced/three-hero-enhanced.js,14098,.js,13.77
austin-portfolio-deploy/js/enhanced/three-modern-init.js,1492,.js,1.46
austin-portfolio-deploy/js/enhanced/useauth.js,3014,.js,2.94
austin-portfolio-deploy/js/enhanced/visual-stream-client.js,47853,.js,46.73
austin-portfolio-deploy/mcp-servers/hawkeye-innovations/debug-server.js,1250,.js,1.22
austin-portfolio-deploy/mcp-servers/hawkeye-innovations/index.js,14762,.js,14.42
austin-portfolio-deploy/mcp-servers/hawkeye-innovations/mcp-config.json,1998,.json,1.95
austin-portfolio-deploy/mcp-servers/hawkeye-innovations/package-lock.json,6532,.json,6.38
austin-portfolio-deploy/mcp-servers/hawkeye-innovations/setup.js,3788,.js,3.7
austin-portfolio-deploy/mcp-servers/hawkeye-innovations/package.json,652,.json,0.64
austin-portfolio-deploy/mcp-servers/hawkeye-innovations/test-tools.js,3966,.js,3.87
austin-portfolio-deploy/mcp-servers/hawkeye-innovations/validate-syntax.js,3884,.js,3.79
austin-portfolio-deploy/mcp-servers/hawkeye-innovations/tsconfig.json,516,.json,0.5
austin-portfolio-deploy/mcp-servers/hawkeye-innovations/src/index.ts,19209,.ts,18.76
austin-portfolio-deploy/mobile-app-foundation/readme.md,14428,.md,14.09
austin-portfolio-deploy/mobile-app-foundation/package.json,4274,.json,4.17
austin-portfolio-deploy/mobile-app-foundation/src/app.tsx,10040,.tsx,9.8
austin-portfolio-deploy/mobile-app-foundation/src/services/authservice.ts,13310,.ts,13.0
austin-portfolio-deploy/mobile-app-foundation/src/constants/design.ts,9161,.ts,8.95
austin-portfolio-deploy/netlify/edge-functions/websocket-stream.js,5402,.js,5.28
austin-portfolio-deploy/netlify/functions/blaze-3d-mcp-proxy.mts,6714,.mts,6.56
austin-portfolio-deploy/netlify/functions/auth-handler.js,7860,.js,7.68
austin-portfolio-deploy/netlify/functions/auto-fetch-sports.js,12822,.js,12.52
austin-portfolio-deploy/netlify/functions/hawkeye-mcp-proxy.js,1632,.js,1.59
austin-portfolio-deploy/netlify/functions/hawkeye-strike-zone.js,3630,.js,3.54
austin-portfolio-deploy/netlify/functions/database-manager.js,18499,.js,18.07
austin-portfolio-deploy/netlify/functions/hawkeye-track.js,1888,.js,1.84
austin-portfolio-deploy/netlify/functions/health.js,1737,.js,1.7
austin-portfolio-deploy/netlify/functions/hawkeye-predict.js,3168,.js,3.09
austin-portfolio-deploy/netlify/functions/live-scores.js,7438,.js,7.26
austin-portfolio-deploy/netlify/functions/live-data-api.js,11169,.js,10.91
austin-portfolio-deploy/netlify/functions/package.json,191,.json,0.19
austin-portfolio-deploy/netlify/functions/monitoring-analytics.js,15702,.js,15.33
austin-portfolio-deploy/netlify/functions/payment-processor.js,5746,.js,5.61
austin-portfolio-deploy/netlify/functions/proxy.mjs,7269,.mjs,7.1
austin-portfolio-deploy/netlify/functions/sports-data-api.js,13188,.js,12.88
austin-portfolio-deploy/netlify/functions/sec-tx-baseball.js,11019,.js,10.76
austin-portfolio-deploy/netlify/functions/sportsdataio-live.js,8613,.js,8.41
austin-portfolio-deploy/netlify/functions/sportsdataio-api.js,4345,.js,4.24
austin-portfolio-deploy/netlify/functions/websocket-live-stream.js,6905,.js,6.74
austin-portfolio-deploy/netlify/functions/sdio.js,4235,.js,4.14
austin-portfolio-deploy/netlify/functions/texas-hs-football.js,8334,.js,8.14
austin-portfolio-deploy/mobile/app-architecture.js,18874,.js,18.43
austin-portfolio-deploy/mobile/sideline-coach-interface.js,22868,.js,22.33
austin-portfolio-deploy/production-mcp-server/deploy.sh,8740,.sh,8.54
austin-portfolio-deploy/production-mcp-server/package-lock.json,71118,.json,69.45
austin-portfolio-deploy/production-mcp-server/monitor.js,1626,.js,1.59
austin-portfolio-deploy/production-mcp-server/package.json,1201,.json,1.17
austin-portfolio-deploy/production-mcp-server/render.yaml,1926,.yaml,1.88
austin-portfolio-deploy/production-mcp-server/server.js,49122,.js,47.97
api/index.html,2512,.html,2.45
biometrics/biometric_integrator.py,23231,.py,22.69
blaze-intelligence-os-v2/readme.md,6337,.md,6.19
blaze-intelligence-os-v2/index.html,1674,.html,1.63
blaze-intelligence-os-v2/deploy.sh,9579,.sh,9.35
blaze-intelligence-os-v2/postcss.config.js,79,.js,0.08
blaze-intelligence-os-v2/package.json,2848,.json,2.78
blaze-intelligence-os-v2/package-lock.json,312932,.json,305.6
blaze-intelligence-os-v2/quick-deploy.sh,1952,.sh,1.91
blaze-intelligence-os-v2/start.sh,2412,.sh,2.36
blaze-intelligence-os-v2/tailwind.config.js,2539,.js,2.48
blaze-intelligence-os-v2/test-suite.js,12026,.js,11.74
blaze-intelligence-os-v2/tsconfig.json,981,.json,0.96
blaze-intelligence-os-v2/vite.config.ts,1179,.ts,1.15
blaze-intelligence-os-v2/wrangler.toml,1367,.toml,1.33
blaze-intelligence-os-v2/tsconfig.node.json,212,.json,0.21
blaze-intelligence-os-v2/websocket-server.js,10163,.js,9.92
blaze-intelligence-os-v2/src/app.tsx,962,.tsx,0.94
blaze-intelligence-os-v2/src/main.tsx,1401,.tsx,1.37
blaze-intelligence-os-v2/src/index.css,2962,.css,2.89
blaze-intelligence-os-v2/src/components/dashboard/dashboard.tsx,3440,.tsx,3.36
blaze-intelligence-os-v2/src/components/dashboard/dataingestion.tsx,7920,.tsx,7.73
blaze-intelligence-os-v2/src/components/dashboard/livegames.tsx,4056,.tsx,3.96
blaze-intelligence-os-v2/src/components/dashboard/performancechart.tsx,3708,.tsx,3.62
blaze-intelligence-os-v2/src/components/dashboard/predictionspanel.tsx,4962,.tsx,4.85
blaze-intelligence-os-v2/src/components/dashboard/statsoverview.tsx,2877,.tsx,2.81
blaze-intelligence-os-v2/src/components/dashboard/visionaipanel.tsx,7139,.tsx,6.97
blaze-intelligence-os-v2/src/components/dashboard/teamselector.tsx,2435,.tsx,2.38
blaze-intelligence-os-v2/src/components/dashboard/nilcalculator.tsx,7928,.tsx,7.74
blaze-intelligence-os-v2/src/components/common/loadingscreen.tsx,1867,.tsx,1.82
blaze-intelligence-os-v2/src/components/common/errorboundary.tsx,4307,.tsx,4.21
blaze-intelligence-os-v2/src/components/layout/header.tsx,4387,.tsx,4.28
blaze-intelligence-os-v2/src/connectors/sports-data-connectors.ts,29018,.ts,28.34
blaze-intelligence-os-v2/src/hooks/usewebsocket.ts,3135,.ts,3.06
blaze-intelligence-os-v2/src/hooks/useblazeintelligencemcp.ts,12998,.ts,12.69
blaze-intelligence-os-v2/src/context/blazecontext.tsx,2464,.tsx,2.41
blaze-intelligence-os-v2/src/context/themecontext.tsx,1125,.tsx,1.1
blaze-intelligence-os-v2/src/workers/analytics-worker.ts,8877,.ts,8.67
blaze-intelligence-os-v2/src/types/index.ts,2841,.ts,2.77
blaze-rti-deploy/netlify.toml,1777,.toml,1.74
blaze-rti-deploy/deployment-enhancement-complete.md,14411,.md,14.07
blaze-rti-deploy/services/hawkeye-mcp/package.json,1213,.json,1.18
blaze-rti-deploy/services/hawkeye-mcp/readme.md,4566,.md,4.46
blaze-rti-deploy/services/hawkeye-mcp/render.yaml,2004,.yaml,1.96
blaze-rti-deploy/services/hawkeye-mcp/tsconfig.json,660,.json,0.64
blaze-rti-deploy/services/hawkeye-mcp/src/server.ts,13541,.ts,13.22
blaze-rti-deploy/netlify/functions/mcp-health.mts,2954,.mts,2.88
blaze-rti-deploy/netlify/functions/hawkeye-mcp-proxy.mts,3513,.mts,3.43
blaze-vision-ai/deployment.md,5444,.md,5.32
blaze-vision-ai/deployment-status.json,2790,.json,2.72
blaze-vision-ai/package.json,837,.json,0.82
blaze-vision-ai/turbo.json,533,.json,0.52
blaze-vision-ai/apps/coach-ui/index.html,8968,.html,8.76
blaze-vision-ai/apps/coach-ui/package.json,970,.json,0.95
blaze-vision-ai/apps/coach-ui/tsconfig.json,604,.json,0.59
blaze-vision-ai/apps/coach-ui/tsconfig.node.json,212,.json,0.21
blaze-vision-ai/apps/coach-ui/vite.config.ts,274,.ts,0.27
blaze-vision-ai/apps/coach-ui/src/app.tsx,8169,.tsx,7.98
blaze-vision-ai/apps/coach-ui/src/main.tsx,549,.tsx,0.54
blaze-vision-ai/apps/coach-ui/src/assets/css/all.min.css,102641,.css,100.24
blaze-vision-ai/apps/coach-ui/src/assets/css/video-js.css,52067,.css,50.85
blaze-vision-ai/apps/coach-ui/src/assets/js/react.production.min.js,10751,.js,10.5
blaze-vision-ai/apps/coach-ui/src/assets/js/chart.js,208341,.js,203.46
blaze-vision-ai/apps/coach-ui/src/assets/js/react-dom.production.min.js,131835,.js,128.75
blaze-vision-ai/apps/coach-ui/src/assets/js/three.min.js,603445,.js,589.3
blaze-vision-ai/apps/coach-ui/src/assets/js/babel.min.js,3073947,.js,3001.9
blaze-vision-ai/apps/coach-ui/src/assets/js/video.min.js,625751,.js,611.08
blaze-vision-ai/apps/coach-ui/src/components/herosection.tsx,8444,.tsx,8.25
blaze-vision-ai/apps/coach-ui/src/components/systemmonitoringdashboard.tsx,10588,.tsx,10.34
blaze-vision-ai/apps/coach-ui/src/components/livegatewaytest.tsx,8661,.tsx,8.46
blaze-vision-ai/apps/coach-ui/src/hooks/usegamecontext.ts,4906,.ts,4.79
blaze-vision-ai/apps/coach-ui/src/hooks/usevisionai.ts,7086,.ts,6.92
blaze-vision-ai/apps/coach-ui/src/config/api.ts,1632,.ts,1.59
blaze-vision-ai/apps/coach-ui/src/services/visionaiservice.ts,6244,.ts,6.1
blaze-vision-ai/apps/coach-ui/src/utils/threebackground.ts,6416,.ts,6.27
blaze-vision-ai/apps/edge-gateway/package-lock.json,111420,.json,108.81
blaze-vision-ai/apps/edge-gateway/package.json,682,.json,0.67
blaze-vision-ai/apps/edge-gateway/schema.sql,6083,.sql,5.94
blaze-vision-ai/apps/edge-gateway/wrangler.toml,1939,.toml,1.89
blaze-vision-ai/apps/edge-gateway/src/baselinetracker.ts,1756,.ts,1.71
blaze-vision-ai/apps/edge-gateway/src/index.ts,16278,.ts,15.9
blaze-vision-ai/apps/edge-gateway/src/sessiondurableobject.ts,27392,.ts,26.75
blaze-vision-ai/apps/edge-gateway/src/middleware/monitoring.ts,4115,.ts,4.02
blaze-vision-ai/apps/edge-gateway/src/services/databaseservice.ts,9218,.ts,9.0
blaze-vision-ai/packages/capture-sdk/package.json,854,.json,0.83
blaze-vision-ai/packages/capture-sdk/tsup.config.ts,303,.ts,0.3
blaze-vision-ai/packages/capture-sdk/src/processors/faceprocessor.ts,17546,.ts,17.13
blaze-vision-ai/packages/capture-sdk/src/types/index.ts,6481,.ts,6.33
cardinals/index.html,29220,.html,28.54
deploy/current-version.txt,16,.txt,0.02
deploy/deployment-report-20250824-144309.md,1927,.md,1.88
deploy/health-monitor.py,14813,.py,14.47
deploy/deploy-production.sh,6546,.sh,6.39
deploy/health-report.json,2375,.json,2.32
deploy/last-deployment.txt,20,.txt,0.02
deploy/production-config.yml,687,.yml,0.67
ingestion/hs_agent.py,3834,.py,3.74
ingestion/intl_agent.py,4114,.py,4.02
ingestion/havf.py,8592,.py,8.39
ingestion/live_fetchers.py,12182,.py,11.9
ingestion/mlb_agent.py,6307,.py,6.16
ingestion/nba_agent.py,13409,.py,13.09
ingestion/nfl_agent.py,4108,.py,4.01
ingestion/ncaa_agent.py,4026,.py,3.93
ingestion/readiness.py,8635,.py,8.43
ingestion/nil_agent.py,3876,.py,3.79
ingestion/team_registry.py,16600,.py,16.21
ingestion/mocks/hs_mock.json,1210,.json,1.18
ingestion/mocks/nfl_mock.json,2029,.json,1.98
ingestion/mocks/nil_mock.json,2947,.json,2.88
ingestion/mocks/ncaa_mock.json,1940,.json,1.89
ingestion/mocks/mlb_mock.json,1674,.json,1.63
ingestion/mocks/intl_mock.json,2126,.json,2.08
js/blaze-page-integration.js,19027,.js,18.58
js/blaze-charts-integration.js,13154,.js,12.85
js/blaze-websocket-client.js,15804,.js,15.43
js/blaze-system-test.js,19003,.js,18.56
js/blaze-error-system.js,18696,.js,18.26
js/championship-config.js,9485,.js,9.26
js/rti-decision-engine.js,19786,.js,19.32
js/rti-fusion-engine.js,15254,.js,14.9
js/webrtc-gateway.js,19066,.js,18.62
js/rti-performance-tester.js,22153,.js,21.63
js/modules/aimanager.js,25152,.js,24.56
js/modules/uimanager.js,19680,.js,19.22
js/modules/projectmanager.js,37487,.js,36.61
js/modules/securitymanager.js,18299,.js,17.87
js/modules/analyticsmanager.js,30660,.js,29.94
js/core/blazecore.js,11493,.js,11.22
mobile-app/app.tsx,13921,.tsx,13.59
mobile-app/jest.config.js,750,.js,0.73
mobile-app/jest.setup.js,228,.js,0.22
mobile-app/jest.simple.setup.js,183,.js,0.18
mobile-app/jest.simple.config.js,336,.js,0.33
mobile-app/package.json,2162,.json,2.11
mobile-app/__tests__/blazeapiservice.test.js,4487,.js,4.38
mobile-app/__tests__/videoanalysisservice.test.js,3246,.js,3.17
mobile-app/app-store-submission-20250909/submission_summary.md,2641,.md,2.58
mobile-app/app-store-submission-20250909/android/android-play-store-config.json,9096,.json,8.88
mobile-app/app-store-submission-20250909/android/submission-checklist.md,1151,.md,1.12
mobile-app/app-store-submission-20250909/assets/icons/icon-requirements.md,690,.md,0.67
mobile-app/app-store-submission-20250909/assets/screenshots/screenshot-plan.md,1072,.md,1.05
mobile-app/app-store-submission-20250909/ios/ios-app-store-config.json,7179,.json,7.01
mobile-app/app-store-submission-20250909/ios/submission-checklist.md,1199,.md,1.17
mobile-app/app-store-submission-20250909/metadata/marketing-copy.md,1324,.md,1.29
mobile-app/app-store/ios-app-store-config.json,7179,.json,7.01
mobile-app/app-store/android-play-store-config.json,9096,.json,8.88
mobile-app/scripts/build-android.sh,3026,.sh,2.96
mobile-app/scripts/build-ios.sh,3639,.sh,3.55
mobile-app/scripts/deploy.sh,8290,.sh,8.1
mobile-app/scripts/prepare-app-store-submission.sh,13360,.sh,13.05
mobile-app/scripts/ios-app-store-submission.sh,8365,.sh,8.17
mobile-app/src/screens/analysisscreen.tsx,10587,.tsx,10.34
mobile-app/src/screens/camerascreen.tsx,13384,.tsx,13.07
mobile-app/src/screens/dashboardscreen.tsx,12538,.tsx,12.24
mobile-app/src/screens/settingsscreen.tsx,14050,.tsx,13.72
mobile-app/src/screens/profilescreen.tsx,14676,.tsx,14.33
mobile-app/src/services/authservice.js,5029,.js,4.91
mobile-app/src/services/videoanalysisservice.js,3719,.js,3.63
mobile-app/src/services/blazeapiservice.js,7059,.js,6.89
portfolio-local/js/updates/update-about.js,2751,.js,2.69
portfolio-local/js/updates/update-hero.js,2618,.js,2.56
portfolio-local/js/updates/update-projects.js,2604,.js,2.54
portfolio-local/js/updates/update-analytics.js,2875,.js,2.81
reports/monthly_nil_3_20250824.html,3185,.html,3.11
reports/weekly_performance_1_20250824.html,4875,.html,4.76
reports/weekly_performance_2_20250824.html,5311,.html,5.19
reporting/client_report_automation.py,24833,.py,24.25
schemas/player.schema.json,2909,.json,2.84
scripts/bulk-repo-operations.js,12897,.js,12.59
scripts/github-repo-analyzer.js,6862,.js,6.7
scripts/github-org-plan.js,12178,.js,11.89
scripts/run_live_ingestion.py,5241,.py,5.12
scripts/run-ingestion.py,655,.py,0.64
scripts/multi_ai_integration.js,11240,.js,10.98
scripts/validate-schema.py,649,.py,0.63
scripts/update_readiness.py,4992,.py,4.88
scripts/deployment/deploy-apex-platform.sh,7219,.sh,7.05
scripts/deployment/deploy-blaze-production.sh,13186,.sh,12.88
scripts/deployment/deploy-enhanced-system.sh,11586,.sh,11.31
scripts/deployment/deploy-complete-system.sh,17492,.sh,17.08
scripts/deployment/deploy-visual-engine.sh,9582,.sh,9.36
scripts/deployment/deploy-blaze-vision-ai.sh,37782,.sh,36.9
scripts/deployment/deploy-unified-blaze.sh,22959,.sh,22.42
scripts/deployment/deploy-youth-txhs-pipeline.sh,13366,.sh,13.05
scripts/deployment/deploy-blaze-sovereign.sh,6375,.sh,6.23
scripts/deployment/deploy.sh,847,.sh,0.83
site/pages/dashboards/blaze-unified-analytics.html,22606,.html,22.08
site/pages/dashboards/blaze-enhanced-dashboard.html,24474,.html,23.9
site/pages/dashboards/blaze-enterprise-dashboard.html,35499,.html,34.67
site/pages/mobile/blaze-intelligence-enhanced-apex-mobile-complete.html,43927,.html,42.9
site/pages/mobile/blaze-intelligence-apex-championship-mobile.html,90328,.html,88.21
site/pages/mobile/blaze-intelligence-unified-championship-mobile.html,77059,.html,75.25
site/pages/mobile/blaze-intelligence-unified-mobile-app.html,55006,.html,53.72
site/pages/mobile/blaze-mobile-app-prototype.html,35731,.html,34.89
site/pages/mobile/blaze-intelligence-mobile-platform-complete.html,53828,.html,52.57
site/pages/platforms/blaze-api-docs.html,1070,.html,1.04
site/pages/platforms/blaze-ar-neural-coach.html,79403,.html,77.54
site/pages/platforms/blaze-client-portal.html,35013,.html,34.19
site/pages/platforms/blaze-unified-index.html,25980,.html,25.37
site/pages/platforms/blaze-intelligence-ultimate-platform.html,95200,.html,92.97
site/pages/platforms/blaze-vision-coaching-interface.html,31791,.html,31.05
site/pages/platforms/blaze-neural-coach.html,86799,.html,84.76
site/pages/platforms/blaze-portfolio-showcase-enhanced.html,73622,.html,71.9
site/pages/platforms/blaze-command-center.html,44755,.html,43.71
site/pages/platforms/blaze-visual-examples.html,23513,.html,22.96
site/src/data/readiness-mlb.json,1519,.json,1.48
site/src/data/readiness-ncaa-fb.json,1305,.json,1.27
site/src/data/readiness.json,5314,.json,5.19
site/src/data/readiness-nfl.json,1522,.json,1.49
site/src/data/teams.json,613,.json,0.6
site/src/data/dashboards/mlb-stl.json,691,.json,0.67
site/src/data/dashboards/ncaa-tex.json,628,.json,0.61
site/src/data/dashboards/nfl-ten.json,829,.json,0.81
site/src/data/leagues/intl.json,3946,.json,3.85
site/src/data/leagues/ncaa.json,3134,.json,3.06
site/src/data/leagues/hs.json,2541,.json,2.48
site/src/data/leagues/nfl.json,3808,.json,3.72
site/src/data/leagues/mlb.json,4892,.json,4.78
site/src/data/leagues/nil.json,4658,.json,4.55
site/src/pages/visuals.astro,20824,.astro,20.34
site/src/pages/analytics/visual-performance.astro,15152,.astro,14.8
site/src/pages/dashboard/visuals.astro,19549,.astro,19.09
src/main.js,13946,.js,13.62
src/apps.json,9525,.json,9.3
src/data/readiness.json,1776,.json,1.73
src/js/simple-analytics.js,7586,.js,7.41
tests/test_normalizers.py,8962,.py,8.75
tests/test_havf.py,7721,.py,7.54
tests/test_schema.py,4756,.py,4.64
vision/analyzers/character_analyzer.py,22134,.py,21.62
vision/analyzers/biomechanical_analyzer.py,18540,.py,18.11
